Most Common Surnames,,,,,,,
,,,,,,,
"Surnames occurring most often in Scotland's registers of Births, Marriages and Deaths",,,,,,,
,,,,,,,
Counting only:,,,,,,,
(a)  the surname of the CHILD for births,,,,,,,
"(b)  the surnames of BOTH PARTIES (e.g. both BRIDE and GROOM) for marriages, and ",,,,,,,
(c)  the surname of the DECEASED for deaths.,,,,,,,
,,,,,,,
"Note: the surnames from these registers may not be representative of the surnames of the population of Scotland as a whole, as ",,,,,,,
(a) they include the surnames of non-residents who were born / married / died here; ,,,,,,,
(b) they exclude the surnames of residents who were born / married / died elsewhere; and ,,,,,,,
"(c) some age-groups have very low birth, marriage and death rates; others account for most births, marriages and deaths. ",,,,,,,
,,,,,,,
Registration Year = 2019,,,,,,,
,,,,,,,
Position,Surname,Number,,,,,
1,SMITH,1854,,,,,
2,BROWN,1307,,,,,
3,WILSON,1223,,,,,
4,STEWART,1073,,,,,
5,CAMPBELL,1068,,,,,
6,THOMSON,1062,,,,,
7,ROBERTSON,1037,,,,,
8,ANDERSON,943,,,,,
9,TAYLOR,769,,,,,
10,MURRAY,756,,,,,
11,MACDONALD,730,,,,,
12,SCOTT,726,,,,,
13,CLARK,715,,,,,
14,REID,686,,,,,
15,WATSON,586,,,,,
16,ROSS,567,,,,,
17,YOUNG,565,,,,,
18,WALKER,562,,,,,
19,PATERSON,561,,,,,
20,MORRISON,560,,,,,
21,HENDERSON,525,,,,,
22,MITCHELL,524,,,,,
23,GRAY,521,,,,,
24,JOHNSTON,516,,,,,
25,GRAHAM,499,,,,,
26,DAVIDSON,498,,,,,
27,MCDONALD,494,,,,,
28,KERR,486,,,,,
29,HAMILTON,482,,,,,
30,FRASER,479,,,,,
31,MARTIN,475,,,,,
32,MILLER,469,,,,,
33,FERGUSON,456,,,,,
34,BELL,451,,,,,
35,KELLY,447,,,,,
36=,DUNCAN,442,,,,,
36=,SIMPSON,442,,,,,
38,CAMERON,433,,,,,
39,HUNTER,429,,,,,
40,MACKENZIE,405,,,,,
41,ALLAN,403,,,,,
42,MACLEOD,400,,,,,
43,BLACK,384,,,,,
44=,GRANT,369,,,,,
44=,JONES,369,,,,,
46,MCLEAN,361,,,,,
47,WRIGHT,360,,,,,
48=,GIBSON,354,,,,,
48=,MACKAY,354,,,,,
50,HUGHES,344,,,,,
51,KENNEDY,342,,,,,
52,MARSHALL,330,,,,,
53,MURPHY,329,,,,,
54,RUSSELL,325,,,,,
55,WALLACE,322,,,,,
56,GORDON,318,,,,,
57,MILNE,316,,,,,
58,MUIR,307,,,,,
59,SUTHERLAND,305,,,,,
60,WHITE,298,,,,,
61,BURNS,296,,,,,
62,STEVENSON,295,,,,,
63,JOHNSTONE,292,,,,,
64,WATT,287,,,,,
65,MUNRO,280,,,,,
66,CRAIG,271,,,,,
67,WOOD,270,,,,,
68=,MCKENZIE,267,,,,,
68=,RITCHIE,267,,,,,
70,MILLAR,265,,,,,
71,KING,262,,,,,
72,MCMILLAN,261,,,,,
73,MCINTOSH,260,,,,,
74,SINCLAIR,254,,,,,
75,THOMPSON,252,,,,,
76=,WILLIAMS,251,,,,,
76=,WILLIAMSON,251,,,,,
78,CUNNINGHAM,250,,,,,
79,CRAWFORD,249,,,,,
80=,DOCHERTY,244,,,,,
80=,MCKAY,244,,,,,
82,MCGREGOR,238,,,,,
83,DICKSON,229,,,,,
84,DOUGLAS,228,,,,,
85,CHRISTIE,225,,,,,
86,MOORE,224,,,,,
87,FLEMING,221,,,,,
88,BOYD,220,,,,,
89=,HILL,218,,,,,
89=,WARD,218,,,,,
91,HALL,217,,,,,
92=,BOYLE,215,,,,,
92=,LINDSAY,215,,,,,
92=,MACLEAN,215,,,,,
95=,JACKSON,213,,,,,
95=,MCLAUGHLIN,213,,,,,
95=,NICOL,213,,,,,
98,SHAW,211,,,,,
99,GREEN,210,,,,,
100,BRUCE,208,,,,,
101,AITKEN,205,,,,,
102,FORBES,203,,,,,
103,HAY,199,,,,,
104,RAMSAY,197,,,,,
105=,CURRIE,196,,,,,
105=,JAMIESON,196,,,,,
107,MCFARLANE,195,,,,,
108,COOPER,190,,,,,
109=,ALEXANDER,189,,,,,
109=,COWAN,189,,,,,
109=,GALLAGHER,189,,,,,
109=,WHYTE,189,,,,,
113,IRVINE,188,,,,,
114,O'NEILL,187,,,,,
115=,ADAMS,186,,,,,
115=,MACKIE,186,,,,,
115=,MCLEOD,186,,,,,
118=,DONALDSON,183,,,,,
118=,MCINTYRE,183,,,,,
120,QUINN,181,,,,,
121=,COOK,178,,,,,
121=,RICHARDSON,178,,,,,
123=,DUFFY,177,,,,,
123=,HUTCHISON,177,,,,,
123=,REILLY,177,,,,,
126=,ARMSTRONG,175,,,,,
126=,BAIN,175,,,,,
126=,RAE,175,,,,,
129,BEATTIE,174,,,,,
130=,CHALMERS,173,,,,,
130=,FINDLAY,173,,,,,
132,EVANS,169,,,,,
133=,GALLACHER,168,,,,,
133=,MORRIS,168,,,,,
133=,O'DONNELL,168,,,,,
133=,ROBERTS,168,,,,,
137,MORGAN,167,,,,,
138=,ROBINSON,164,,,,,
138=,STRACHAN,164,,,,,
140=,BUCHANAN,163,,,,,
140=,CAIRNS,163,,,,,
140=,PATON,163,,,,,
143=,DUNN,161,,,,,
143=,MCCALLUM,161,,,,,
143=,MCLAREN,161,,,,,
146,JOHNSON,160,,,,,
147,STUART,159,,,,,
148,KANE,157,,,,,
149,DAVIES,156,,,,,
150=,BUCHAN,154,,,,,
150=,TURNER,154,,,,,
152=,MAXWELL,153,,,,,
152=,RENNIE,153,,,,,
154=,MCCULLOCH,152,,,,,
154=,TAIT,152,,,,,
156=,ALI,150,,,,,
156=,WEIR,150,,,,,
158,MOFFAT,148,,,,,
159,COLLINS,147,,,,,
160,BARR,145,,,,,
161,BLAIR,144,,,,,
162,LAWSON,141,,,,,
163=,LAING,140,,,,,
163=,MCEWAN,140,,,,,
163=,MURDOCH,140,,,,,
163=,WELSH,140,,,,,
167=,CLARKE,139,,,,,
167=,FISHER,139,,,,,
167=,FORSYTH,139,,,,,
167=,HARRIS,139,,,,,
171=,BAIRD,138,,,,,
171=,BARCLAY,138,,,,,
171=,MCKENNA,138,,,,,
174,JACK,137,,,,,
175=,LYNCH,136,,,,,
175=,THOMAS,136,,,,,
177,DRUMMOND,135,,,,,
178=,DONNELLY,133,,,,,
178=,INNES,133,,,,,
180=,LEE,132,,,,,
180=,LOGAN,132,,,,,
180=,MCALLISTER,132,,,,,
180=,MCGOWAN,132,,,,,
180=,MONTGOMERY,132,,,,,
185=,GILLESPIE,131,,,,,
185=,MCMAHON,131,,,,,
185=,SINGH,131,,,,,
185=,TURNBULL,131,,,,,
189,AHMED,130,,,,,
190,HARVEY,129,,,,,
191=,O'BRIEN,128,,,,,
191=,PARK,128,,,,,
193=,NELSON,127,,,,,
193=,WEBSTER,127,,,,,
195=,DONALD,126,,,,,
195=,HOGG,126,,,,,
195=,MACPHERSON,126,,,,,
195=,SPENCE,126,,,,,
199=,BENNETT,124,,,,,
199=,COCHRANE,124,,,,,
199=,GILMOUR,124,,,,,
199=,MORTON,124,,,,,
199=,POLLOCK,124,,,,,
199=,STEPHEN,124,,,,,
205=,HENDRY,123,,,,,
205=,MASON,123,,,,,
205=,MCARTHUR,123,,,,,
208=,HARRISON,121,,,,,
208=,ROBB,121,,,,,
210,INGLIS,120,,,,,
211=,BAILLIE,119,,,,,
211=,SHARP,119,,,,,
211=,SNEDDON,119,,,,,
214=,CUMMING,118,,,,,
214=,GREIG,118,,,,,
214=,ORR,118,,,,,
214=,PHILLIPS,118,,,,,
218=,HIGGINS,117,,,,,
218=,PATTERSON,117,,,,,
220=,MCGUIRE,116,,,,,
220=,SWEENEY,116,,,,,
222=,EDWARDS,115,,,,,
222=,MACFARLANE,115,,,,,
222=,MULLEN,115,,,,,
222=,SHIELDS,115,,,,,
226=,BAXTER,114,,,,,
226=,FALCONER,114,,,,,
226=,TODD,114,,,,,
229=,ADAM,113,,,,,
229=,KHAN,113,,,,,
229=,NOBLE,113,,,,,
232=,COWIE,112,,,,,
232=,GIBB,112,,,,,
232=,LAIRD,112,,,,,
235,ELLIS,111,,,,,
236=,DOWNIE,110,,,,,
236=,STEELE,110,,,,,
238=,DICK,109,,,,,
238=,MCCANN,109,,,,,
238=,STIRLING,109,,,,,
241=,CARR,108,,,,,
241=,CONNELLY,108,,,,,
241=,DAVIS,108,,,,,
241=,MCPHERSON,108,,,,,
245=,FORREST,107,,,,,
245=,WOODS,107,,,,,
247,LITTLE,106,,,,,
248=,ADAMSON,105,,,,,
248=,GALLOWAY,105,,,,,
248=,GARDNER,105,,,,,
248=,HARPER,105,,,,,
252=,LAW,104,,,,,
252=,MAIN,104,,,,,
252=,MCDOUGALL,104,,,,,
252=,MILLIGAN,104,,,,,
256=,MCCORMICK,103,,,,,
256=,MCGHEE,103,,,,,
258=,DAWSON,102,,,,,
258=,HOWIE,102,,,,,
258=,LESLIE,102,,,,,
258=,MACKINNON,102,,,,,
258=,MCCABE,102,,,,,
258=,MCNEILL,102,,,,,
264,RANKIN,101,,,,,
265=,LANG,100,,,,,
265=,MCBRIDE,100,,,,,
265=,SHEPHERD,100,,,,,
268=,ALLEN,99,,,,,
268=,MCPHEE,99,,,,,
270=,CRUICKSHANK,98,,,,,
270=,LEWIS,98,,,,,
270=,MILLS,98,,,,,
270=,NICHOLSON,98,,,,,
270=,REYNOLDS,98,,,,,
275=,ALLISON,97,,,,,
275=,DOHERTY,97,,,,,
275=,DUFF,97,,,,,
275=,HOUSTON,97,,,,,
275=,RUTHERFORD,97,,,,,
280=,DUNLOP,96,,,,,
280=,KNOX,96,,,,,
282=,BRADLEY,95,,,,,
282=,BURNETT,95,,,,,
282=,PARKER,95,,,,,
285=,CHAPMAN,94,,,,,
285=,HART,94,,,,,
285=,NICOLSON,94,,,,,
285=,PORTER,94,,,,,
289=,DEVINE,93,,,,,
289=,DEVLIN,93,,,,,
289=,GARDINER,93,,,,,
289=,LOW,93,,,,,
289=,MAIR,93,,,,,
289=,URQUHART,93,,,,,
295=,GEDDES,92,,,,,
295=,STEEL,92,,,,,
297=,COX,91,,,,,
297=,GUNN,91,,,,,
297=,KIRK,91,,,,,
297=,MCCORMACK,91,,,,,
297=,MCGILL,91,,,,,
302=,LAMB,90,,,,,
302=,MCDOWALL,90,,,,,
302=,WILKIE,90,,,,,
305=,CASSIDY,89,,,,,
305=,GILLIES,89,,,,,
305=,LOVE,89,,,,,
305=,PEARSON,89,,,,,
305=,PETRIE,89,,,,,
305=,RODGER,89,,,,,
311=,MOIR,88,,,,,
311=,ROONEY,88,,,,,
311=,SHEARER,88,,,,,
314=,CARROLL,87,,,,,
314=,ELLIOTT,87,,,,,
314=,FITZPATRICK,87,,,,,
314=,HARDIE,87,,,,,
314=,HUSSAIN,87,,,,,
314=,MACMILLAN,87,,,,,
314=,SWAN,87,,,,,
321=,BAKER,86,,,,,
321=,DOYLE,86,,,,,
321=,MACGREGOR,86,,,,,
321=,MACRAE,86,,,,,
325=,FULTON,85,,,,,
325=,MOONEY,85,,,,,
327=,CALDER,84,,,,,
327=,LAMONT,84,,,,,
329=,GILL,83,,,,,
329=,HANNAH,83,,,,,
329=,MALCOLM,83,,,,,
332=,CONNOR,82,,,,,
332=,ROSE,82,,,,,
334=,BARNES,81,,,,,
334=,FOSTER,81,,,,,
334=,GRIEVE,81,,,,,
334=,MCCONNELL,81,,,,,
334=,MCLELLAN,81,,,,,
339=,HOLMES,80,,,,,
339=,KAY,80,,,,,
339=,LIVINGSTONE,80,,,,,
339=,SMART,80,,,,,
339=,WADDELL,80,,,,,
339=,WEST,80,,,,,
345=,PALMER,79,,,,,
345=,RYAN,79,,,,,
347=,BRENNAN,78,,,,,
347=,EASTON,78,,,,,
347=,FARRELL,78,,,,,
347=,HENRY,78,,,,,
347=,MCCOLL,78,,,,,
347=,MCKINNON,78,,,,,
347=,MCLACHLAN,78,,,,,
347=,MORAN,78,,,,,
347=,OLIVER,78,,,,,
356=,CALLAGHAN,77,,,,,
356=,CARTER,77,,,,,
356=,GALBRAITH,77,,,,,
356=,MCCAFFERTY,77,,,,,
360=,CALDWELL,76,,,,,
360=,COYLE,76,,,,,
360=,GILCHRIST,76,,,,,
360=,MENZIES,76,,,,,
360=,SIM,76,,,,,
360=,WILKINSON,76,,,,,
366=,JENKINS,75,,,,,
366=,KIDD,75,,,,,
368=,BEVERIDGE,74,,,,,
368=,FLYNN,74,,,,,
368=,FOX,74,,,,,
368=,LOWE,74,,,,,
368=,PRICE,74,,,,,
373=,CARSON,73,,,,,
373=,CULLEN,73,,,,,
373=,FINLAYSON,73,,,,,
373=,HOOD,73,,,,,
373=,MANN,73,,,,,
373=,MANSON,73,,,,,
373=,NEIL,73,,,,,
380=,BRADY,72,,,,,
380=,BYRNE,72,,,,,
380=,MCNEIL,72,,,,,
380=,O'CONNOR,72,,,,,
384=,ARCHIBALD,71,,,,,
384=,BRODIE,71,,,,,
384=,CARMICHAEL,71,,,,,
384=,CURRAN,71,,,,,
384=,DUNBAR,71,,,,,
384=,FLETCHER,71,,,,,
384=,HALLIDAY,71,,,,,
384=,JAMES,71,,,,,
384=,KEENAN,71,,,,,
384=,MATHESON,71,,,,,
384=,MCCLUSKEY,71,,,,,
395=,AITCHISON,70,,,,,
395=,HUME,70,,,,,
395=,MELVILLE,70,,,,,
395=,ROBSON,70,,,,,
399=,BRYCE,69,,,,,
399=,CONNOLLY,69,,,,,
399=,EDGAR,69,,,,,
399=,FORD,69,,,,,
399=,LEITCH,69,,,,,
399=,MACLENNAN,69,,,,,
399=,MIDDLETON,69,,,,,
399=,PENMAN,69,,,,,
407=,ANDREWS,68,,,,,
407=,KNIGHT,68,,,,,
407=,PIRIE,68,,,,,
410=,BALLANTYNE,67,,,,,
410=,BREMNER,67,,,,,
410=,BRYSON,67,,,,,
410=,BURKE,67,,,,,
410=,FREW,67,,,,,
410=,HUTTON,67,,,,,
410=,LAWRIE,67,,,,,
410=,NICOLL,67,,,,,
410=,PAUL,67,,,,,
410=,WYLIE,67,,,,,
420=,BURGESS,66,,,,,
420=,HEPBURN,66,,,,,
420=,MACINNES,66,,,,,
423=,BANKS,65,,,,,
423=,BEATON,65,,,,,
423=,BERRY,65,,,,,
423=,LAWRENCE,65,,,,,
423=,MACIVER,65,,,,,
423=,MATHIESON,65,,,,,
429=,COUTTS,64,,,,,
429=,MCINNES,64,,,,,
429=,MCQUEEN,64,,,,,
429=,MONAGHAN,64,,,,,
429=,NISBET,64,,,,,
429=,SLOAN,64,,,,,
435=,ARTHUR,63,,,,,
435=,ELDER,63,,,,,
435=,GEMMELL,63,,,,,
435=,GUTHRIE,63,,,,,
435=,KAUR,63,,,,,
435=,MACAULAY,63,,,,,
435=,WALSH,63,,,,,
442=,BARRETT,62,,,,,
442=,BOOTH,62,,,,,
442=,FINLAY,62,,,,,
442=,FRAME,62,,,,,
442=,LAFFERTY,62,,,,,
442=,MCMANUS,62,,,,,
442=,SKINNER,62,,,,,
449=,DEWAR,61,,,,,
449=,GOODWIN,61,,,,,
449=,GOURLAY,61,,,,,
449=,MCCARTHY,61,,,,,
449=,MCCARTNEY,61,,,,,
449=,MCKEOWN,61,,,,,
449=,NEILSON,61,,,,,
456=,ATKINSON,60,,,,,
456=,DICKIE,60,,,,,
456=,KYLE,60,,,,,
456=,MEIKLE,60,,,,,
456=,RODGERS,60,,,,,
461=,BUTLER,59,,,,,
461=,DIXON,59,,,,,
461=,DOW,59,,,,,
461=,DRYSDALE,59,,,,,
461=,FOWLER,59,,,,,
461=,GILLAN,59,,,,,
461=,KIRKWOOD,59,,,,,
461=,LUMSDEN,59,,,,,
461=,SLATER,59,,,,,
470=,CHISHOLM,58,,,,,
470=,CONNELL,58,,,,,
470=,JARDINE,58,,,,,
470=,MEECHAN,58,,,,,
470=,ROY,58,,,,,
470=,SAUNDERS,58,,,,,
470=,STEVENS,58,,,,,
477=,ANDREW,57,,,,,
477=,DUTHIE,57,,,,,
477=,GLEN,57,,,,,
477=,JEFFREY,57,,,,,
477=,LAIDLAW,57,,,,,
477=,MAGUIRE,57,,,,,
477=,MALONE,57,,,,,
477=,MARR,57,,,,,
477=,MCDERMOTT,57,,,,,
477=,MCKECHNIE,57,,,,,
487=,BAILEY,56,,,,,
487=,BARRIE,56,,,,,
487=,LYON,56,,,,,
487=,MCADAM,56,,,,,
487=,MCKINLAY,56,,,,,
487=,RAFFERTY,56,,,,,
493=,BOWMAN,55,,,,,
493=,FARQUHAR,55,,,,,
493=,FYFE,55,,,,,
493=,GORMAN,55,,,,,
493=,GRIFFIN,55,,,,,
493=,JORDAN,55,,,,,
493=,MCGINLEY,55,,,,,
493=,MCGRATH,55,,,,,
493=,OGILVIE,55,,,,,
493=,WEBB,55,,,,,
503=,DAY,54,,,,,
503=,HOPE,54,,,,,
503=,HUNT,54,,,,,
503=,LOCKHART,54,,,,,
503=,MACKINTOSH,54,,,,,
503=,MCCALL,54,,,,,
503=,MCFADYEN,54,,,,,
503=,PRATT,54,,,,,
503=,WAUGH,54,,,,,
512=,ANGUS,53,,,,,
512=,CAIRNEY,53,,,,,
512=,CARRUTHERS,53,,,,,
512=,CROSS,53,,,,,
512=,DODDS,53,,,,,
512=,HOLLAND,53,,,,,
512=,MATTHEWS,53,,,,,
512=,MCLAUGHLAN,53,,,,,
512=,SMALL,53,,,,,
512=,THOM,53,,,,,
522=,BORTHWICK,52,,,,,
522=,CONWAY,52,,,,,
522=,CUMMINGS,52,,,,,
522=,DALY,52,,,,,
522=,MOHAMMED,52,,,,,
522=,STARK,52,,,,,
528=,BARKER,51,,,,,
528=,DAVIE,51,,,,,
528=,DEANS,51,,,,,
528=,GRIFFITHS,51,,,,,
528=,HORNE,51,,,,,
528=,MCKEE,51,,,,,
528=,RIDDELL,51,,,,,
535=,CUTHBERT,50,,,,,
535=,EWING,50,,,,,
535=,HAYES,50,,,,,
535=,INGRAM,50,,,,,
535=,RICHARDS,50,,,,,
535=,TIERNEY,50,,,,,
541=,AGNEW,49,,,,,
541=,BARRON,49,,,,,
541=,COULL,49,,,,,
541=,FAIRLEY,49,,,,,
541=,IRELAND,49,,,,,
541=,KEITH,49,,,,,
541=,KEMP,49,,,,,
541=,MCDADE,49,,,,,
541=,MCGUINNESS,49,,,,,
541=,MCLAUCHLAN,49,,,,,
541=,NEWLANDS,49,,,,,
541=,ROGERS,49,,,,,
541=,SOMERVILLE,49,,,,,
541=,TEMPLETON,49,,,,,
555=,BOWIE,48,,,,,
555=,COLEMAN,48,,,,,
555=,CORBETT,48,,,,,
555=,ELLIOT,48,,,,,
555=,GOLDIE,48,,,,,
555=,HERON,48,,,,,
555=,MACDOUGALL,48,,,,,
555=,MCFADDEN,48,,,,,
555=,MCNAUGHTON,48,,,,,
555=,MELDRUM,48,,,,,
555=,RICE,48,,,,,
555=,SPEIRS,48,,,,,
567=,BARBOUR,47,,,,,
567=,BLYTH,47,,,,,
567=,COLQUHOUN,47,,,,,
567=,MCGOVERN,47,,,,,
567=,MCNAB,47,,,,,
567=,MCVEY,47,,,,,
567=,NAPIER,47,,,,,
567=,OWENS,47,,,,,
567=,PATRICK,47,,,,,
567=,RAMAGE,47,,,,,
567=,WHITELAW,47,,,,,
578=,AHMAD,46,,,,,
578=,HARKINS,46,,,,,
578=,HODGE,46,,,,,
578=,LEES,46,,,,,
578=,MCGUIGAN,46,,,,,
578=,MCQUADE,46,,,,,
578=,NEILL,46,,,,,
578=,NOLAN,46,,,,,
578=,O'HARE,46,,,,,
578=,POTTER,46,,,,,
578=,SANDERSON,46,,,,,
578=,SEMPLE,46,,,,,
578=,STEVEN,46,,,,,
578=,SUMMERS,46,,,,,
592=,ARNOTT,45,,,,,
592=,COCKBURN,45,,,,,
592=,FOTHERINGHAM,45,,,,,
592=,FRENCH,45,,,,,
592=,GILBERT,45,,,,,
592=,IQBAL,45,,,,,
592=,MCHUGH,45,,,,,
592=,MCLENNAN,45,,,,,
592=,MUIRHEAD,45,,,,,
592=,O'HARA,45,,,,,
592=,RICHMOND,45,,,,,
592=,WALTON,45,,,,,
604=,BURTON,44,,,,,
604=,DEMPSTER,44,,,,,
604=,HARLEY,44,,,,,
604=,KIRKPATRICK,44,,,,,
604=,MACINTYRE,44,,,,,
604=,MCINALLY,44,,,,,
610=,BISSET,43,,,,,
610=,BROOKS,43,,,,,
610=,CARLIN,43,,,,,
610=,CORMACK,43,,,,,
610=,CRICHTON,43,,,,,
610=,DOUGAN,43,,,,,
610=,MCKIE,43,,,,,
610=,MCMASTER,43,,,,,
610=,MCNULTY,43,,,,,
610=,OWEN,43,,,,,
610=,PRINGLE,43,,,,,
610=,SHAND,43,,,,,
610=,WELLS,43,,,,,
623=,AUSTIN,42,,,,,
623=,BROWNLIE,42,,,,,
623=,DALZIEL,42,,,,,
623=,DOLAN,42,,,,,
623=,EWEN,42,,,,,
623=,HYSLOP,42,,,,,
623=,JARVIE,42,,,,,
623=,MADDEN,42,,,,,
623=,MCCAIG,42,,,,,
623=,MCCUTCHEON,42,,,,,
623=,MCKELLAR,42,,,,,
623=,MCPHAIL,42,,,,,
623=,NEWTON,42,,,,,
623=,PURDIE,42,,,,,
623=,SULLIVAN,42,,,,,
638=,FORRESTER,41,,,,,
638=,HAMILL,41,,,,,
638=,LISTER,41,,,,,
638=,LYONS,41,,,,,
638=,MCAULAY,41,,,,,
638=,MCAULEY,41,,,,,
638=,MCCRACKEN,41,,,,,
638=,MCSHANE,41,,,,,
638=,PHILIP,41,,,,,
638=,SHANKS,41,,,,,
638=,SHORT,41,,,,,
638=,TELFER,41,,,,,
638=,THORNTON,41,,,,,
638=,WYLLIE,41,,,,,
652=,BOYCE,40,,,,,
652=,CANNON,40,,,,,
652=,CHAMBERS,40,,,,,
652=,DILLON,40,,,,,
652=,DOIG,40,,,,,
652=,ERSKINE,40,,,,,
652=,FINNIGAN,40,,,,,
652=,FLETT,40,,,,,
652=,HUTCHINSON,40,,,,,
652=,LAURIE,40,,,,,
652=,LIDDELL,40,,,,,
652=,LINTON,40,,,,,
652=,LYNN,40,,,,,
652=,MCALPINE,40,,,,,
652=,MCKNIGHT,40,,,,,
652=,MUTCH,40,,,,,
652=,NIXON,40,,,,,
652=,O'ROURKE,40,,,,,
652=,PAGE,40,,,,,
652=,PRENTICE,40,,,,,
652=,RILEY,40,,,,,
673=,BARTON,39,,,,,
673=,CROMBIE,39,,,,,
673=,DYER,39,,,,,
673=,FARMER,39,,,,,
673=,FERRIER,39,,,,,
673=,GEORGE,39,,,,,
673=,GLASS,39,,,,,
673=,GREER,39,,,,,
673=,HUDSON,39,,,,,
673=,LEASK,39,,,,,
673=,MCLEISH,39,,,,,
673=,MCWILLIAM,39,,,,,
673=,MULHOLLAND,39,,,,,
673=,NEWMAN,39,,,,,
673=,PAYNE,39,,,,,
673=,POWELL,39,,,,,
689=,BALFOUR,38,,,,,
689=,CHAN,38,,,,,
689=,CHEN,38,,,,,
689=,CUTHBERTSON,38,,,,,
689=,GOW,38,,,,,
689=,HADDOW,38,,,,,
689=,HASTIE,38,,,,,
689=,HEALY,38,,,,,
689=,KENNY,38,,,,,
689=,LORIMER,38,,,,,
689=,LYALL,38,,,,,
689=,MACPHEE,38,,,,,
689=,MCCLURE,38,,,,,
689=,MCCLYMONT,38,,,,,
689=,MCGARRY,38,,,,,
689=,NIVEN,38,,,,,
689=,PEACOCK,38,,,,,
689=,PERRY,38,,,,,
689=,PRESTON,38,,,,,
689=,SPENCER,38,,,,,
689=,VALENTINE,38,,,,,
689=,WISHART,38,,,,,
711=,BEGG,37,,,,,
711=,DUNSMORE,37,,,,,
711=,FAULDS,37,,,,,
711=,HASSAN,37,,,,,
711=,HEWITT,37,,,,,
711=,IRVING,37,,,,,
711=,LEONARD,37,,,,,
711=,MCBAIN,37,,,,,
711=,MCRAE,37,,,,,
711=,QUIGLEY,37,,,,,
711=,SWANSON,37,,,,,
711=,TOWNSLEY,37,,,,,
711=,WATTERS,37,,,,,
724=,ARMOUR,36,,,,,
724=,BIRD,36,,,,,
724=,BOLTON,36,,,,,
724=,BORLAND,36,,,,,
724=,BRUNTON,36,,,,,
724=,CANNING,36,,,,,
724=,CROSSAN,36,,,,,
724=,FREEMAN,36,,,,,
724=,LENNON,36,,,,,
724=,LENNOX,36,,,,,
724=,MCWILLIAMS,36,,,,,
724=,ROWAN,36,,,,,
724=,SHANNON,36,,,,,
724=,TRAYNOR,36,,,,,
724=,TULLOCH,36,,,,,
724=,WARREN,36,,,,,
724=,WISEMAN,36,,,,,
724=,YULE,36,,,,,
742=,BLACKWOOD,35,,,,,
742=,CASEY,35,,,,,
742=,COLE,35,,,,,
742=,GLOVER,35,,,,,
742=,HADDEN,35,,,,,
742=,IMRIE,35,,,,,
742=,MASSON,35,,,,,
742=,MCCREADIE,35,,,,,
742=,MCLELLAND,35,,,,,
742=,MCNAIR,35,,,,,
742=,MCNALLY,35,,,,,
742=,MEEK,35,,,,,
742=,PETTIGREW,35,,,,,
742=,RALSTON,35,,,,,
742=,RATTRAY,35,,,,,
742=,SMYTH,35,,,,,
742=,SYME,35,,,,,
742=,TORRANCE,35,,,,,
742=,YATES,35,,,,,
761=,AULD,34,,,,,
761=,BARNETT,34,,,,,
761=,BRAND,34,,,,,
761=,CLEMENTS,34,,,,,
761=,COULTER,34,,,,,
761=,FINNIE,34,,,,,
761=,GAULD,34,,,,,
761=,GILFILLAN,34,,,,,
761=,GOODALL,34,,,,,
761=,KEIR,34,,,,,
761=,LAMBERT,34,,,,,
761=,NIMMO,34,,,,,
761=,SCULLION,34,,,,,
761=,SHARKEY,34,,,,,
775=,BINNIE,33,,,,,
775=,BUCKLEY,33,,,,,
775=,CLELLAND,33,,,,,
775=,DALE,33,,,,,
775=,DEAN,33,,,,,
775=,FOLEY,33,,,,,
775=,GARDEN,33,,,,,
775=,HERD,33,,,,,
775=,HOPKINS,33,,,,,
775=,HOWE,33,,,,,
775=,JOYCE,33,,,,,
775=,LAUDER,33,,,,,
775=,LIDDLE,33,,,,,
775=,MACASKILL,33,,,,,
775=,MCDERMID,33,,,,,
775=,MCKELVIE,33,,,,,
775=,MELVIN,33,,,,,
775=,MULDOON,33,,,,,
775=,MYLES,33,,,,,
775=,O'NEIL,33,,,,,
775=,POTTS,33,,,,,
775=,TAGGART,33,,,,,
775=,WADE,33,,,,,
775=,WALLS,33,,,,,
775=,WARNOCK,33,,,,,
800=,BECK,32,,,,,
800=,BRANNAN,32,,,,,
800=,CLARKSON,32,,,,,
800=,CORRIGAN,32,,,,,
800=,DONNACHIE,32,,,,,
800=,FRANCIS,32,,,,,
800=,HARKNESS,32,,,,,
800=,KILPATRICK,32,,,,,
800=,LUCAS,32,,,,,
800=,MCCUBBIN,32,,,,,
800=,MCGEE,32,,,,,
800=,OSBORNE,32,,,,,
800=,PETERS,32,,,,,
800=,PORTEOUS,32,,,,,
800=,POWER,32,,,,,
800=,PROCTOR,32,,,,,
800=,QUEEN,32,,,,,
800=,THAIN,32,,,,,
800=,WIGHT,32,,,,,
819=,BLAKE,31,,,,,
819=,BROGAN,31,,,,,
819=,BYERS,31,,,,,
819=,CROWE,31,,,,,
819=,CROZIER,31,,,,,
819=,DINGWALL,31,,,,,
819=,FENTON,31,,,,,
819=,FLANAGAN,31,,,,,
819=,HASTINGS,31,,,,,
819=,LEITH,31,,,,,
819=,MASSIE,31,,,,,
819=,MCMURRAY,31,,,,,
819=,MOWAT,31,,,,,
819=,NUGENT,31,,,,,
819=,RAEBURN,31,,,,,
819=,SHARPE,31,,,,,
819=,SWIFT,31,,,,,
819=,WONG,31,,,,,
837=,BONNER,30,,,,,
837=,BURT,30,,,,,
837=,COSGROVE,30,,,,,
837=,DARLING,30,,,,,
837=,DEMPSEY,30,,,,,
837=,DICKINSON,30,,,,,
837=,DORAN,30,,,,,
837=,EADIE,30,,,,,
837=,FAIRBAIRN,30,,,,,
837=,FARQUHARSON,30,,,,,
837=,GALL,30,,,,,
837=,HODGSON,30,,,,,
837=,HOWARD,30,,,,,
837=,HUTCHESON,30,,,,,
837=,MAITLAND,30,,,,,
837=,MCGINTY,30,,,,,
837=,MCLUCKIE,30,,,,,
837=,MCNAMARA,30,,,,,
837=,MICHIE,30,,,,,
837=,SAVAGE,30,,,,,
837=,THORBURN,30,,,,,
837=,WHITEFORD,30,,,,,
837=,WILL,30,,,,,
860=,CARGILL,29,,,,,
860=,CONNER,29,,,,,
860=,DARROCH,29,,,,,
860=,DELANEY,29,,,,,
860=,DUGUID,29,,,,,
860=,EWART,29,,,,,
860=,FLANNIGAN,29,,,,,
860=,GIBBONS,29,,,,,
860=,HAWKINS,29,,,,,
860=,KNOWLES,29,,,,,
860=,LOGIE,29,,,,,
860=,MACPHAIL,29,,,,,
860=,MAHMOOD,29,,,,,
860=,MCCONNACHIE,29,,,,,
860=,MCCOURT,29,,,,,
860=,MCDOWELL,29,,,,,
860=,MCEWEN,29,,,,,
860=,MCTAGGART,29,,,,,
860=,NAIRN,29,,,,,
860=,NAISMITH,29,,,,,
860=,O'SULLIVAN,29,,,,,
860=,PRITCHARD,29,,,,,
860=,SMILLIE,29,,,,,
860=,STEPHENSON,29,,,,,
860=,STRANG,29,,,,,
860=,TWEEDIE,29,,,,,
886=,BALL,28,,,,,
886=,BENNIE,28,,,,,
886=,BEST,28,,,,,
886=,BIRRELL,28,,,,,
886=,BRADSHAW,28,,,,,
886=,CAREY,28,,,,,
886=,CREE,28,,,,,
886=,FEENEY,28,,,,,
886=,FERRIE,28,,,,,
886=,HAINEY,28,,,,,
886=,HYND,28,,,,,
886=,JARVIS,28,,,,,
886=,LIVINGSTON,28,,,,,
886=,LLOYD,28,,,,,
886=,MCGLYNN,28,,,,,
886=,MCNAUGHT,28,,,,,
886=,MCNICOL,28,,,,,
886=,MORTIMER,28,,,,,
886=,NGUYEN,28,,,,,
886=,WESTWOOD,28,,,,,
886=,WINTON,28,,,,,
907=,BATES,27,,,,,
907=,COOKE,27,,,,,
907=,COPELAND,27,,,,,
907=,DOBSON,27,,,,,
907=,DRYBURGH,27,,,,,
907=,DYKES,27,,,,,
907=,FULLERTON,27,,,,,
907=,GOUGH,27,,,,,
907=,HANLON,27,,,,,
907=,HISLOP,27,,,,,
907=,HOLT,27,,,,,
907=,KEARNEY,27,,,,,
907=,LECKIE,27,,,,,
907=,LEIPER,27,,,,,
907=,MACARTHUR,27,,,,,
907=,MACK,27,,,,,
907=,MATHERS,27,,,,,
907=,MCGINN,27,,,,,
907=,MCKINNEY,27,,,,,
907=,MEARNS,27,,,,,
907=,MELROSE,27,,,,,
907=,MORE,27,,,,,
907=,MORRICE,27,,,,,
907=,MULLAN,27,,,,,
907=,PAXTON,27,,,,,
907=,PURVES,27,,,,,
907=,SOMMERVILLE,27,,,,,
907=,TONNER,27,,,,,
907=,WALES,27,,,,,
907=,WANG,27,,,,,
907=,WHITEHEAD,27,,,,,
938=,ADDISON,26,,,,,
938=,AIRD,26,,,,,
938=,BERNARD,26,,,,,
938=,BRADFORD,26,,,,,
938=,BRIGGS,26,,,,,
938=,CARTWRIGHT,26,,,,,
938=,CONROY,26,,,,,
938=,COPLAND,26,,,,,
938=,DALGLEISH,26,,,,,
938=,DIAMOND,26,,,,,
938=,DOUGALL,26,,,,,
938=,GERRARD,26,,,,,
938=,GRACIE,26,,,,,
938=,HAMMOND,26,,,,,
938=,HO,26,,,,,
938=,HOLDEN,26,,,,,
938=,HORSBURGH,26,,,,,
938=,LI,26,,,,,
938=,MACINTOSH,26,,,,,
938=,MAGEE,26,,,,,
938=,MALIK,26,,,,,
938=,MATTHEW,26,,,,,
938=,MCCUE,26,,,,,
938=,MCDAID,26,,,,,
938=,MCKILLOP,26,,,,,
938=,MORROW,26,,,,,
938=,PATTISON,26,,,,,
938=,RANKINE,26,,,,,
938=,RENTON,26,,,,,
938=,RONALD,26,,,,,
938=,SAMSON,26,,,,,
938=,SHARMA,26,,,,,
938=,SOUTAR,26,,,,,
938=,SPIERS,26,,,,,
938=,STURROCK,26,,,,,
973=,ABBOTT,25,,,,,
973=,ARCHER,25,,,,,
973=,BENSON,25,,,,,
973=,BIRNIE,25,,,,,
973=,BREEN,25,,,,,
973=,BRYDEN,25,,,,,
973=,CROSBIE,25,,,,,
973=,DOBBIE,25,,,,,
973=,DUFFIN,25,,,,,
973=,GIBBS,25,,,,,
973=,GIRVAN,25,,,,,
973=,GRIERSON,25,,,,,
973=,GUY,25,,,,,
973=,KINNAIRD,25,,,,,
973=,LANE,25,,,,,
973=,MAY,25,,,,,
973=,MCGRORY,25,,,,,
973=,MERCER,25,,,,,
973=,MONTEITH,25,,,,,
973=,SPALDING,25,,,,,
973=,STOKES,25,,,,,
973=,STOTT,25,,,,,
973=,VEITCH,25,,,,,
973=,WOODWARD,25,,,,,
997=,ASLAM,24,,,,,
997=,BENTLEY,24,,,,,
997=,BULLOCH,24,,,,,
997=,CAVANAGH,24,,,,,
997=,COURTNEY,24,,,,,
997=,DALGARNO,24,,,,,
997=,DONOGHUE,24,,,,,
997=,FITZSIMMONS,24,,,,,
997=,FORDYCE,24,,,,,
997=,FRIEL,24,,,,,
997=,GAULT,24,,,,,
997=,HALDANE,24,,,,,
997=,HONEYMAN,24,,,,,
997=,HUTCHEON,24,,,,,
997=,KEAN,24,,,,,
997=,LONG,24,,,,,
997=,LOUDEN,24,,,,,
997=,LOWRIE,24,,,,,
997=,MACLACHLAN,24,,,,,
997=,MACNEIL,24,,,,,
997=,MCGILLIVRAY,24,,,,,
997=,MCGURK,24,,,,,
997=,MCHARDY,24,,,,,
997=,MCILROY,24,,,,,
997=,MCNIVEN,24,,,,,
997=,PEARCE,24,,,,,
997=,PHILP,24,,,,,
997=,ROGERSON,24,,,,,
997=,STAFFORD,24,,,,,
997=,STODDART,24,,,,,
997=,SUTTON,24,,,,,
997=,TENNANT,24,,,,,
997=,TROTTER,24,,,,,
997=,WESTON,24,,,,,
997=,WOTHERSPOON,24,,,,,
1032=,AKHTAR,23,,,,,
1032=,BARBER,23,,,,,
1032=,BISHOP,23,,,,,
1032=,CLAYTON,23,,,,,
1032=,CURTIS,23,,,,,
1032=,DALTON,23,,,,,
1032=,EMSLIE,23,,,,,
1032=,FERRY,23,,,,,
1032=,GARRETT,23,,,,,
1032=,GILLON,23,,,,,
1032=,GREENWOOD,23,,,,,
1032=,IRONSIDE,23,,,,,
1032=,JENNINGS,23,,,,,
1032=,KILGOUR,23,,,,,
1032=,KIRKLAND,23,,,,,
1032=,LAVERY,23,,,,,
1032=,LITTLEJOHN,23,,,,,
1032=,LOTHIAN,23,,,,,
1032=,LOUDON,23,,,,,
1032=,MACGILLIVRAY,23,,,,,
1032=,MARSH,23,,,,,
1032=,MCAVOY,23,,,,,
1032=,MCGOLDRICK,23,,,,,
1032=,MCPAKE,23,,,,,
1032=,MCQUILLAN,23,,,,,
1032=,MILTON,23,,,,,
1032=,NESS,23,,,,,
1032=,PARKINSON,23,,,,,
1032=,PARSONS,23,,,,,
1032=,POOLE,23,,,,,
1032=,REED,23,,,,,
1032=,SHERIDAN,23,,,,,
1032=,TONER,23,,,,,
1032=,WARDLAW,23,,,,,
1032=,WATTS,23,,,,,
1067=,ADAIR,22,,,,,
1067=,ARSHAD,22,,,,,
1067=,BERTRAM,22,,,,,
1067=,BISSETT,22,,,,,
1067=,CLELAND,22,,,,,
1067=,COUPER,22,,,,,
1067=,DALRYMPLE,22,,,,,
1067=,DAVISON,22,,,,,
1067=,DENHOLM,22,,,,,
1067=,FROST,22,,,,,
1067=,GAFFNEY,22,,,,,
1067=,GLASGOW,22,,,,,
1067=,HAGAN,22,,,,,
1067=,HARDING,22,,,,,
1067=,HARDY,22,,,,,
1067=,HARKIN,22,,,,,
1067=,HOGARTH,22,,,,,
1067=,LAMBIE,22,,,,,
1067=,MALLON,22,,,,,
1067=,MCCREADY,22,,,,,
1067=,MCNEE,22,,,,,
1067=,MOSS,22,,,,,
1067=,NICHOL,22,,,,,
1067=,O'REILLY,22,,,,,
1067=,REES,22,,,,,
1067=,RENDALL,22,,,,,
1067=,RENWICK,22,,,,,
1067=,ROXBURGH,22,,,,,
1067=,SANGSTER,22,,,,,
1067=,SOUTER,22,,,,,
1067=,STALKER,22,,,,,
1067=,STENHOUSE,22,,,,,
1067=,TRACEY,22,,,,,
1067=,WATKINS,22,,,,,
1101=,ARNOLD,21,,,,,
1101=,BROADLEY,21,,,,,
1101=,BURROWS,21,,,,,
1101=,CLEARY,21,,,,,
1101=,COGHILL,21,,,,,
1101=,CONN,21,,,,,
1101=,COWE,21,,,,,
1101=,DRENNAN,21,,,,,
1101=,DUNNE,21,,,,,
1101=,FITZGERALD,21,,,,,
1101=,FORTUNE,21,,,,,
1101=,GAVIN,21,,,,,
1101=,GODFREY,21,,,,,
1101=,GOWANS,21,,,,,
1101=,GREGORY,21,,,,,
1101=,HAGGART,21,,,,,
1101=,HAIG,21,,,,,
1101=,HARVIE,21,,,,,
1101=,HE,21,,,,,
1101=,HURST,21,,,,,
1101=,JOLLY,21,,,,,
1101=,KINNEAR,21,,,,,
1101=,KIRBY,21,,,,,
1101=,LEIGHTON,21,,,,,
1101=,LOCHRIE,21,,,,,
1101=,MCELROY,21,,,,,
1101=,MCGINLAY,21,,,,,
1101=,MCMINN,21,,,,,
1101=,MCMULLAN,21,,,,,
1101=,NICHOLLS,21,,,,,
1101=,PEEBLES,21,,,,,
1101=,RAHMAN,21,,,,,
1101=,REDPATH,21,,,,,
1101=,ROWE,21,,,,,
1101=,SANDISON,21,,,,,
1101=,STONE,21,,,,,
1101=,STORRIE,21,,,,,
1101=,STRUTHERS,21,,,,,
1101=,TALBOT,21,,,,,
1101=,TOMLINSON,21,,,,,
1101=,VAUGHAN,21,,,,,
1142=,ANWAR,20,,,,,
1142=,BARRY,20,,,,,
1142=,BOND,20,,,,,
1142=,BROWNE,20,,,,,
1142=,BUDGE,20,,,,,
1142=,COONEY,20,,,,,
1142=,COSTELLO,20,,,,,
1142=,COYNE,20,,,,,
1142=,CUTHILL,20,,,,,
1142=,DALLAS,20,,,,,
1142=,DEACON,20,,,,,
1142=,DREVER,20,,,,,
1142=,FALLON,20,,,,,
1142=,FERGUSSON,20,,,,,
1142=,FOY,20,,,,,
1142=,GLENNIE,20,,,,,
1142=,HAMPSON,20,,,,,
1142=,HEATH,20,,,,,
1142=,HERRON,20,,,,,
1142=,HETHERINGTON,20,,,,,
1142=,KELMAN,20,,,,,
1142=,LYLE,20,,,,,
1142=,MATHER,20,,,,,
1142=,MCCOLGAN,20,,,,,
1142=,MCCRAE,20,,,,,
1142=,MCCREATH,20,,,,,
1142=,MCIVOR,20,,,,,
1142=,MCMULLEN,20,,,,,
1142=,MCSHERRY,20,,,,,
1142=,MCWHINNIE,20,,,,,
1142=,MILES,20,,,,,
1142=,MOLLOY,20,,,,,
1142=,OGG,20,,,,,
1142=,PARRY,20,,,,,
1142=,PEAT,20,,,,,
1142=,PEDEN,20,,,,,
1142=,PROUDFOOT,20,,,,,
1142=,RHODES,20,,,,,
1142=,SCALLY,20,,,,,
1142=,SCHOFIELD,20,,,,,
1142=,SHAH,20,,,,,
1142=,SHIELS,20,,,,,
1142=,SKELTON,20,,,,,
1142=,STANTON,20,,,,,
1142=,SYKES,20,,,,,
1142=,TRAVERS,20,,,,,
1142=,URE,20,,,,,
1142=,WALTERS,20,,,,,
1142=,WARNER,20,,,,,
1142=,WIGHTMAN,20,,,,,
1192=,BALMER,19,,,,,
1192=,BARLOW,19,,,,,
1192=,BROWNLEE,19,,,,,
1192=,BRYANT,19,,,,,
1192=,CAIN,19,,,,,
1192=,CARSWELL,19,,,,,
1192=,CHERRY,19,,,,,
1192=,COLVIN,19,,,,,
1192=,DUKE,19,,,,,
1192=,EGAN,19,,,,,
1192=,ESSON,19,,,,,
1192=,FAIRGRIEVE,19,,,,,
1192=,FAULKNER,19,,,,,
1192=,HARTLEY,19,,,,,
1192=,HOGGAN,19,,,,,
1192=,KEDDIE,19,,,,,
1192=,KEEGAN,19,,,,,
1192=,KELSO,19,,,,,
1192=,MACCALLUM,19,,,,,
1192=,MACQUEEN,19,,,,,
1192=,MCALISTER,19,,,,,
1192=,MCARDLE,19,,,,,
1192=,MCCARRON,19,,,,,
1192=,MCCLELLAND,19,,,,,
1192=,MCKENDRICK,19,,,,,
1192=,MCKINLEY,19,,,,,
1192=,MCMENAMIN,19,,,,,
1192=,MCPHILLIPS,19,,,,,
1192=,NORMAN,19,,,,,
1192=,O'SHEA,19,,,,,
1192=,POPE,19,,,,,
1192=,PRYDE,19,,,,,
1192=,PURVIS,19,,,,,
1192=,REEVES,19,,,,,
1192=,REHMAN,19,,,,,
1192=,SCOBIE,19,,,,,
1192=,SHARIF,19,,,,,
1192=,STRAIN,19,,,,,
1192=,TELFORD,19,,,,,
1192=,THORPE,19,,,,,
1192=,TUCKER,19,,,,,
1192=,VANCE,19,,,,,
1192=,WHELAN,19,,,,,
1192=,WILKINS,19,,,,,
1192=,WILLIS,19,,,,,
1192=,WINTER,19,,,,,
1238=,BATCHELOR,18,,,,,
1238=,BEAUMONT,18,,,,,
1238=,CARNEGIE,18,,,,,
1238=,CLIFFORD,18,,,,,
1238=,COLVILLE,18,,,,,
1238=,CONVERY,18,,,,,
1238=,CRAIGIE,18,,,,,
1238=,CRANSTON,18,,,,,
1238=,CRUICKSHANKS,18,,,,,
1238=,DONOHOE,18,,,,,
1238=,DOOLAN,18,,,,,
1238=,ELRICK,18,,,,,
1238=,ENGLISH,18,,,,,
1238=,FAIRLIE,18,,,,,
1238=,FENWICK,18,,,,,
1238=,FORSTER,18,,,,,
1238=,FULLARTON,18,,,,,
1238=,GARVIE,18,,,,,
1238=,GLANCY,18,,,,,
1238=,GLENDINNING,18,,,,,
1238=,GOODFELLOW,18,,,,,
1238=,GREENHILL,18,,,,,
1238=,HAGGERTY,18,,,,,
1238=,HARROWER,18,,,,,
1238=,HICKEY,18,,,,,
1238=,HOEY,18,,,,,
1238=,HOOPER,18,,,,,
1238=,IRWIN,18,,,,,
1238=,KAVANAGH,18,,,,,
1238=,LACEY,18,,,,,
1238=,LOGUE,18,,,,,
1238=,MACFADYEN,18,,,,,
1238=,MACLAREN,18,,,,,
1238=,MACLELLAN,18,,,,,
1238=,MATHEWSON,18,,,,,
1238=,MCCRONE,18,,,,,
1238=,MCCUSKER,18,,,,,
1238=,MCDONAGH,18,,,,,
1238=,MCFADZEAN,18,,,,,
1238=,MCGHIE,18,,,,,
1238=,MCGLASHAN,18,,,,,
1238=,MCGLONE,18,,,,,
1238=,MCKEAN,18,,,,,
1238=,MCNAMEE,18,,,,,
1238=,MCRITCHIE,18,,,,,
1238=,MCROBBIE,18,,,,,
1238=,MONCRIEFF,18,,,,,
1238=,NASH,18,,,,,
1238=,NORTON,18,,,,,
1238=,O'MALLEY,18,,,,,
1238=,PATEL,18,,,,,
1238=,PERKINS,18,,,,,
1238=,PETERSON,18,,,,,
1238=,RALPH,18,,,,,
1238=,ROLLO,18,,,,,
1238=,SANDERS,18,,,,,
1238=,SIMMONS,18,,,,,
1238=,SKENE,18,,,,,
1238=,SLAVEN,18,,,,,
1238=,SYMINGTON,18,,,,,
1238=,TOUGH,18,,,,,
1238=,WARDEN,18,,,,,
1238=,WATERS,18,,,,,
1238=,WHEELER,18,,,,,
1238=,WHITTON,18,,,,,
1303=,ANTHONY,17,,,,,
1303=,ASHRAF,17,,,,,
1303=,BALDWIN,17,,,,,
1303=,BECKETT,17,,,,,
1303=,BONNAR,17,,,,,
1303=,BROCK,17,,,,,
1303=,BURRELL,17,,,,,
1303=,CARBERRY,17,,,,,
1303=,CARRICK,17,,,,,
1303=,CATTANACH,17,,,,,
1303=,CAULFIELD,17,,,,,
1303=,CHEYNE,17,,,,,
1303=,COVENTRY,17,,,,,
1303=,CRIGHTON,17,,,,,
1303=,CROOKS,17,,,,,
1303=,DRYDEN,17,,,,,
1303=,DUNNETT,17,,,,,
1303=,EDMOND,17,,,,,
1303=,GALE,17,,,,,
1303=,GILROY,17,,,,,
1303=,GORMLEY,17,,,,,
1303=,GOVAN,17,,,,,
1303=,GRADY,17,,,,,
1303=,HANLEY,17,,,,,
1303=,HOLLYWOOD,17,,,,,
1303=,HORN,17,,,,,
1303=,HOWELL,17,,,,,
1303=,HOWITT,17,,,,,
1303=,KUMAR,17,,,,,
1303=,LAMOND,17,,,,,
1303=,LEADBETTER,17,,,,,
1303=,LEISHMAN,17,,,,,
1303=,MALONEY,17,,,,,
1303=,MCCRINDLE,17,,,,,
1303=,MCCRORY,17,,,,,
1303=,MCDIARMID,17,,,,,
1303=,MCGARVA,17,,,,,
1303=,MCNICOLL,17,,,,,
1303=,MCSORLEY,17,,,,,
1303=,MCVEIGH,17,,,,,
1303=,MCWHIRTER,17,,,,,
1303=,MOODIE,17,,,,,
1303=,MOYES,17,,,,,
1303=,MULLIN,17,,,,,
1303=,NORRIE,17,,,,,
1303=,NORRIS,17,,,,,
1303=,O'KANE,17,,,,,
1303=,PAGAN,17,,,,,
1303=,PLATT,17,,,,,
1303=,PRIOR,17,,,,,
1303=,PUGH,17,,,,,
1303=,RASHID,17,,,,,
1303=,REDMOND,17,,,,,
1303=,ROE,17,,,,,
1303=,SHERRY,17,,,,,
1303=,SIBBALD,17,,,,,
1303=,STANLEY,17,,,,,
1303=,STEEDMAN,17,,,,,
1303=,STEIN,17,,,,,
1303=,STILL,17,,,,,
1303=,TOWNSEND,17,,,,,
1303=,USMAN,17,,,,,
1303=,WARDROP,17,,,,,
1303=,YEATS,17,,,,,
1367=,ABERCROMBIE,16,,,,,
1367=,BEGLEY,16,,,,,
1367=,BINGHAM,16,,,,,
1367=,BLAIKIE,16,,,,,
1367=,CARNEY,16,,,,,
1367=,CASSELLS,16,,,,,
1367=,CORDINER,16,,,,,
1367=,COUPLAND,16,,,,,
1367=,CRAIB,16,,,,,
1367=,CRAIK,16,,,,,
1367=,DEY,16,,,,,
1367=,DIVERS,16,,,,,
1367=,DUNDAS,16,,,,,
1367=,EWAN,16,,,,,
1367=,FAGAN,16,,,,,
1367=,FAIRWEATHER,16,,,,,
1367=,GAUGHAN,16,,,,,
1367=,GREENE,16,,,,,
1367=,HAGGARTY,16,,,,,
1367=,HARGREAVES,16,,,,,
1367=,HARRINGTON,16,,,,,
1367=,HEGGIE,16,,,,,
1367=,HENDRIE,16,,,,,
1367=,HOGAN,16,,,,,
1367=,HOWDEN,16,,,,,
1367=,IBRAHIM,16,,,,,
1367=,JAVED,16,,,,,
1367=,JOSS,16,,,,,
1367=,KEEN,16,,,,,
1367=,KERRIGAN,16,,,,,
1367=,KINGHORN,16,,,,,
1367=,LARKIN,16,,,,,
1367=,LEARMONTH,16,,,,,
1367=,LUKE,16,,,,,
1367=,MARSDEN,16,,,,,
1367=,MASTERTON,16,,,,,
1367=,MCCARROLL,16,,,,,
1367=,MCELHINNEY,16,,,,,
1367=,MCGARVEY,16,,,,,
1367=,MCLEARY,16,,,,,
1367=,MCMURDO,16,,,,,
1367=,MOODY,16,,,,,
1367=,PANTON,16,,,,,
1367=,PERRIE,16,,,,,
1367=,RINTOUL,16,,,,,
1367=,ROPER,16,,,,,
1367=,ROSSI,16,,,,,
1367=,SALEEM,16,,,,,
1367=,SIME,16,,,,,
1367=,SIMS,16,,,,,
1367=,SLAVIN,16,,,,,
1367=,SNEDDEN,16,,,,,
1367=,STUBBS,16,,,,,
1367=,SUTTIE,16,,,,,
1367=,TASKER,16,,,,,
1367=,TRAN,16,,,,,
1367=,WHITEHOUSE,16,,,,,
1424=,ABEL,15,,,,,
1424=,ASHTON,15,,,,,
1424=,BANNERMAN,15,,,,,
1424=,BLACKBURN,15,,,,,
1424=,BOWERS,15,,,,,
1424=,BROCKIE,15,,,,,
1424=,BURNSIDE,15,,,,,
1424=,CALDERWOOD,15,,,,,
1424=,CARDNO,15,,,,,
1424=,CARPENTER,15,,,,,
1424=,CHARLTON,15,,,,,
1424=,COLL,15,,,,,
1424=,COLLIER,15,,,,,
1424=,COMRIE,15,,,,,
1424=,DERRICK,15,,,,,
1424=,DORNAN,15,,,,,
1424=,DOWIE,15,,,,,
1424=,EDDIE,15,,,,,
1424=,FAWCETT,15,,,,,
1424=,FERRIS,15,,,,,
1424=,FLOCKHART,15,,,,,
1424=,FLORENCE,15,,,,,
1424=,FRY,15,,,,,
1424=,GOLD,15,,,,,
1424=,GOUDIE,15,,,,,
1424=,GREENAN,15,,,,,
1424=,GRIER,15,,,,,
1424=,GROAT,15,,,,,
1424=,HAMID,15,,,,,
1424=,HANCOCK,15,,,,,
1424=,HANSON,15,,,,,
1424=,HAWTHORNE,15,,,,,
1424=,HAYNES,15,,,,,
1424=,HILTON,15,,,,,
1424=,HORNER,15,,,,,
1424=,HOSIE,15,,,,,
1424=,HOWAT,15,,,,,
1424=,HOY,15,,,,,
1424=,HUMPHREY,15,,,,,
1424=,HUMPHREYS,15,,,,,
1424=,JACOBS,15,,,,,
1424=,JOHN,15,,,,,
1424=,KENYON,15,,,,,
1424=,KINLOCH,15,,,,,
1424=,LAVERTY,15,,,,,
1424=,LAWLESS,15,,,,,
1424=,LONGMUIR,15,,,,,
1424=,MCALEER,15,,,,,
1424=,MCATEER,15,,,,,
1424=,MCBEATH,15,,,,,
1424=,MCCLOY,15,,,,,
1424=,MCCONVILLE,15,,,,,
1424=,MCGEACHIE,15,,,,,
1424=,MCGROARTY,15,,,,,
1424=,MCKERNAN,15,,,,,
1424=,MCLEMAN,15,,,,,
1424=,MCROBERT,15,,,,,
1424=,MCVICAR,15,,,,,
1424=,MEIKLEJOHN,15,,,,,
1424=,MELLON,15,,,,,
1424=,MOHAMED,15,,,,,
1424=,MOHAMMAD,15,,,,,
1424=,PATIENCE,15,,,,,
1424=,PENDER,15,,,,,
1424=,POLSON,15,,,,,
1424=,RIDDOCH,15,,,,,
1424=,ROBBIE,15,,,,,
1424=,SCOBBIE,15,,,,,
1424=,SHAHID,15,,,,,
1424=,SHANKLAND,15,,,,,
1424=,SHEPPARD,15,,,,,
1424=,TOD,15,,,,,
1424=,VICKERS,15,,,,,
1424=,WELCH,15,,,,,
1424=,WEMYSS,15,,,,,
1424=,ZHANG,15,,,,,
1500=,AFZAL,14,,,,,
1500=,AKRAM,14,,,,,
1500=,AMOS,14,,,,,
1500=,ARBUCKLE,14,,,,,
1500=,ARMIT,14,,,,,
1500=,BAMFORD,14,,,,,
1500=,BATHGATE,14,,,,,
1500=,BEEDIE,14,,,,,
1500=,BLACKIE,14,,,,,
1500=,BOAG,14,,,,,
1500=,BOLAND,14,,,,,
1500=,BOYES,14,,,,,
1500=,BRANNIGAN,14,,,,,
1500=,BROADFOOT,14,,,,,
1500=,BRYAN,14,,,,,
1500=,CAHILL,14,,,,,
1500=,CARLTON,14,,,,,
1500=,CARRIGAN,14,,,,,
1500=,CHAUDHRY,14,,,,,
1500=,COATES,14,,,,,
1500=,COLLIE,14,,,,,
1500=,COLLIGAN,14,,,,,
1500=,CROLLA,14,,,,,
1500=,CROOK,14,,,,,
1500=,DAVEY,14,,,,,
1500=,DENHAM,14,,,,,
1500=,DODD,14,,,,,
1500=,DOWDS,14,,,,,
1500=,DREW,14,,,,,
1500=,DUNSMUIR,14,,,,,
1500=,FEELEY,14,,,,,
1500=,FIELD,14,,,,,
1500=,FINCH,14,,,,,
1500=,FOREMAN,14,,,,,
1500=,GAMBLE,14,,,,,
1500=,GARNER,14,,,,,
1500=,GOULD,14,,,,,
1500=,GRIBBEN,14,,,,,
1500=,HALE,14,,,,,
1500=,HALLEY,14,,,,,
1500=,HAYWARD,14,,,,,
1500=,HEANEY,14,,,,,
1500=,HERBERT,14,,,,,
1500=,HOLLIS,14,,,,,
1500=,HOWARTH,14,,,,,
1500=,HULL,14,,,,,
1500=,JENKINSON,14,,,,,
1500=,KHALID,14,,,,,
1500=,KINCAID,14,,,,,
1500=,LEGGAT,14,,,,,
1500=,LENNIE,14,,,,,
1500=,LONIE,14,,,,,
1500=,MASSEY,14,,,,,
1500=,MCCAFFREY,14,,,,,
1500=,MCGEOUGH,14,,,,,
1500=,MCGONIGLE,14,,,,,
1500=,MCKIRDY,14,,,,,
1500=,MCMENEMY,14,,,,,
1500=,MCSKIMMING,14,,,,,
1500=,METHVEN,14,,,,,
1500=,MILL,14,,,,,
1500=,MILNER,14,,,,,
1500=,MIRZA,14,,,,,
1500=,MORLEY,14,,,,,
1500=,O'HAGAN,14,,,,,
1500=,OAKES,14,,,,,
1500=,OSWALD,14,,,,,
1500=,PATE,14,,,,,
1500=,PROVAN,14,,,,,
1500=,ROBBINS,14,,,,,
1500=,RODDEN,14,,,,,
1500=,SARWAR,14,,,,,
1500=,SELKIRK,14,,,,,
1500=,SHEDDEN,14,,,,,
1500=,SKELLY,14,,,,,
1500=,STABLES,14,,,,,
1500=,STEPHENS,14,,,,,
1500=,SWORD,14,,,,,
1500=,TANNER,14,,,,,
1500=,TARIQ,14,,,,,
1500=,TRAINER,14,,,,,
1500=,VASS,14,,,,,
1500=,VINCENT,14,,,,,
1500=,WESTWATER,14,,,,,
1500=,WHITEFIELD,14,,,,,
1500=,WINTERS,14,,,,,
1500=,WOODHOUSE,14,,,,,
1500=,WYATT,14,,,,,
1500=,YUILL,14,,,,,
1589=,AMIN,13,,,,,
1589=,BAIG,13,,,,,
1589=,BANNATYNE,13,,,,,
1589=,BHATTI,13,,,,,
1589=,BRASH,13,,,,,
1589=,BRECHIN,13,,,,,
1589=,BREWER,13,,,,,
1589=,BRIDGES,13,,,,,
1589=,BRITTON,13,,,,,
1589=,BROTHERSTON,13,,,,,
1589=,BRYCELAND,13,,,,,
1589=,BUTCHER,13,,,,,
1589=,CALLAN,13,,,,,
1589=,CHANDLER,13,,,,,
1589=,CHURCH,13,,,,,
1589=,COMBE,13,,,,,
1589=,CORCORAN,13,,,,,
1589=,CRUDEN,13,,,,,
1589=,DANIELS,13,,,,,
1589=,DEVANEY,13,,,,,
1589=,DORANS,13,,,,,
1589=,DUDGEON,13,,,,,
1589=,FAY,13,,,,,
1589=,FERNIE,13,,,,,
1589=,FLOOD,13,,,,,
1589=,GIBBON,13,,,,,
1589=,GILMARTIN,13,,,,,
1589=,GROOM,13,,,,,
1589=,GUILD,13,,,,,
1589=,HAIR,13,,,,,
1589=,HANNA,13,,,,,
1589=,HARROLD,13,,,,,
1589=,HEWITSON,13,,,,,
1589=,HOUGHTON,13,,,,,
1589=,JESS,13,,,,,
1589=,JUDGE,13,,,,,
1589=,KENT,13,,,,,
1589=,KILDAY,13,,,,,
1589=,LALLY,13,,,,,
1589=,LANGLANDS,13,,,,,
1589=,LETHAM,13,,,,,
1589=,LILLEY,13,,,,,
1589=,LOCHHEAD,13,,,,,
1589=,LYNAS,13,,,,,
1589=,MACBETH,13,,,,,
1589=,MACKIN,13,,,,,
1589=,MACVICAR,13,,,,,
1589=,MAINS,13,,,,,
1589=,MCBLAIN,13,,,,,
1589=,MCCLUNG,13,,,,,
1589=,MCCOWAN,13,,,,,
1589=,MCGARRITY,13,,,,,
1589=,MCGUCKIN,13,,,,,
1589=,MCLAY,13,,,,,
1589=,MUNN,13,,,,,
1589=,MURISON,13,,,,,
1589=,NEISH,13,,,,,
1589=,NICHOLL,13,,,,,
1589=,NOON,13,,,,,
1589=,PATTON,13,,,,,
1589=,PEACE,13,,,,,
1589=,POLLARD,13,,,,,
1589=,POW,13,,,,,
1589=,RAWLINSON,13,,,,,
1589=,READ,13,,,,,
1589=,REEKIE,13,,,,,
1589=,REGAN,13,,,,,
1589=,REITH,13,,,,,
1589=,SAMUEL,13,,,,,
1589=,SANDILANDS,13,,,,,
1589=,SCANLON,13,,,,,
1589=,SHEWAN,13,,,,,
1589=,SIMMONDS,13,,,,,
1589=,SINGLETON,13,,,,,
1589=,SKILLING,13,,,,,
1589=,STOUT,13,,,,,
1589=,STRICKLAND,13,,,,,
1589=,TANG,13,,,,,
1589=,TERRY,13,,,,,
1589=,TOSH,13,,,,,
1589=,WARK,13,,,,,
1670=,ABRAHAM,12,,,,,
1670=,AINSLIE,12,,,,,
1670=,APPLETON,12,,,,,
1670=,AUCHTERLONIE,12,,,,,
1670=,BAINES,12,,,,,
1670=,BEGUM,12,,,,,
1670=,BENZIE,12,,,,,
1670=,BLACKLEY,12,,,,,
1670=,BONE,12,,,,,
1670=,BOON,12,,,,,
1670=,BOWDEN,12,,,,,
1670=,BRADBURY,12,,,,,
1670=,BRESLIN,12,,,,,
1670=,BUIST,12,,,,,
1670=,BUTCHART,12,,,,,
1670=,CANAVAN,12,,,,,
1670=,CANT,12,,,,,
1670=,CAPALDI,12,,,,,
1670=,CARTY,12,,,,,
1670=,CHEUNG,12,,,,,
1670=,COIA,12,,,,,
1670=,COPE,12,,,,,
1670=,CORR,12,,,,,
1670=,DAILLY,12,,,,,
1670=,DANIEL,12,,,,,
1670=,DEAS,12,,,,,
1670=,DON,12,,,,,
1670=,DONACHIE,12,,,,,
1670=,DONAGHY,12,,,,,
1670=,DOUGAL,12,,,,,
1670=,DWYER,12,,,,,
1670=,DYSON,12,,,,,
1670=,EASSON,12,,,,,
1670=,ENGLAND,12,,,,,
1670=,FAROOQ,12,,,,,
1670=,FARR,12,,,,,
1670=,FINN,12,,,,,
1670=,FRAZER,12,,,,,
1670=,FYFFE,12,,,,,
1670=,FYVIE,12,,,,,
1670=,GEE,12,,,,,
1670=,GERRIE,12,,,,,
1670=,GILLEN,12,,,,,
1670=,GILMORE,12,,,,,
1670=,GIRDWOOD,12,,,,,
1670=,GLYNN,12,,,,,
1670=,GODDARD,12,,,,,
1670=,GOVE,12,,,,,
1670=,GREENSHIELDS,12,,,,,
1670=,GRUBB,12,,,,,
1670=,HALEY,12,,,,,
1670=,HANDLEY,12,,,,,
1670=,HANIF,12,,,,,
1670=,HANNAN,12,,,,,
1670=,HASTON,12,,,,,
1670=,HATTON,12,,,,,
1670=,HOPPER,12,,,,,
1670=,HOWIESON,12,,,,,
1670=,HUMPHRIES,12,,,,,
1670=,HUSBAND,12,,,,,
1670=,HYDE,12,,,,,
1670=,IRONS,12,,,,,
1670=,KEANE,12,,,,,
1670=,KIERNAN,12,,,,,
1670=,LAMMIE,12,,,,,
1670=,LATHAM,12,,,,,
1670=,LAUGHLIN,12,,,,,
1670=,LAVELLE,12,,,,,
1670=,LEACH,12,,,,,
1670=,LIN,12,,,,,
1670=,LIU,12,,,,,
1670=,LOCK,12,,,,,
1670=,LOUGH,12,,,,,
1670=,MABON,12,,,,,
1670=,MACCUISH,12,,,,,
1670=,MACRITCHIE,12,,,,,
1670=,MACSWEEN,12,,,,,
1670=,MACTAGGART,12,,,,,
1670=,MARLEY,12,,,,,
1670=,MASTERS,12,,,,,
1670=,MCBEAN,12,,,,,
1670=,MCBETH,12,,,,,
1670=,MCFALL,12,,,,,
1670=,MCGEACHY,12,,,,,
1670=,MCGIVERN,12,,,,,
1670=,MCLARTY,12,,,,,
1670=,MCLOUGHLIN,12,,,,,
1670=,MCROBERTS,12,,,,,
1670=,MELLOR,12,,,,,
1670=,MERCHANT,12,,,,,
1670=,MILLIKEN,12,,,,,
1670=,MULLIGAN,12,,,,,
1670=,NEAL,12,,,,,
1670=,NEESON,12,,,,,
1670=,NEWALL,12,,,,,
1670=,NOWAK,12,,,,,
1670=,O'CONNELL,12,,,,,
1670=,PARIS,12,,,,,
1670=,PARKIN,12,,,,,
1670=,PARR,12,,,,,
1670=,PETER,12,,,,,
1670=,PIKE,12,,,,,
1670=,PIRRIE,12,,,,,
1670=,PRIESTLEY,12,,,,,
1670=,PRYCE,12,,,,,
1670=,PURDON,12,,,,,
1670=,RAESIDE,12,,,,,
1670=,REA,12,,,,,
1670=,ROSIE,12,,,,,
1670=,ROWLAND,12,,,,,
1670=,SANDS,12,,,,,
1670=,SCOULAR,12,,,,,
1670=,SCRIMGEOUR,12,,,,,
1670=,SEYMOUR,12,,,,,
1670=,SHIRLEY,12,,,,,
1670=,SINGER,12,,,,,
1670=,STIRRAT,12,,,,,
1670=,STIRTON,12,,,,,
1670=,STURGEON,12,,,,,
1670=,TENNENT,12,,,,,
1670=,TULLY,12,,,,,
1670=,UDDIN,12,,,,,
1670=,VERNON,12,,,,,
1670=,WALLIS,12,,,,,
1670=,WHITTAKER,12,,,,,
1670=,WILLOUGHBY,12,,,,,
1670=,WILLOX,12,,,,,
1670=,WYNNE,12,,,,,
1670=,WYPER,12,,,,,
1670=,YOUNGSON,12,,,,,
1800=,ALDRIDGE,11,,,,,
1800=,ALLARDYCE,11,,,,,
1800=,BALLINGALL,11,,,,,
1800=,BAND,11,,,,,
1800=,BASHIR,11,,,,,
1800=,BEGBIE,11,,,,,
1800=,BERESFORD,11,,,,,
1800=,BETT,11,,,,,
1800=,BIRCH,11,,,,,
1800=,BLACKLOCK,11,,,,,
1800=,BOGLE,11,,,,,
1800=,BONAR,11,,,,,
1800=,BOWLES,11,,,,,
1800=,BRANKIN,11,,,,,
1800=,BREWSTER,11,,,,,
1800=,BROUGH,11,,,,,
1800=,BULL,11,,,,,
1800=,BUSH,11,,,,,
1800=,CASSELS,11,,,,,
1800=,CASSIE,11,,,,,
1800=,CLYDE,11,,,,,
1800=,CLYNE,11,,,,,
1800=,COATS,11,,,,,
1800=,COFFIELD,11,,,,,
1800=,COUPAR,11,,,,,
1800=,COVACI,11,,,,,
1800=,CRAMB,11,,,,,
1800=,CROCKETT,11,,,,,
1800=,CURLEY,11,,,,,
1800=,CURRY,11,,,,,
1800=,CUSACK,11,,,,,
1800=,DOOLEY,11,,,,,
1800=,DOWLING,11,,,,,
1800=,EVERETT,11,,,,,
1800=,FERGUS,11,,,,,
1800=,FERNS,11,,,,,
1800=,FRATER,11,,,,,
1800=,FULLER,11,,,,,
1800=,GANNON,11,,,,,
1800=,GILES,11,,,,,
1800=,HALBERT,11,,,,,
1800=,HAMPTON,11,,,,,
1800=,HARE,11,,,,,
1800=,HAROLD,11,,,,,
1800=,HARTE,11,,,,,
1800=,HARWOOD,11,,,,,
1800=,HAWTHORN,11,,,,,
1800=,HAXTON,11,,,,,
1800=,HEENAN,11,,,,,
1800=,HIGGINSON,11,,,,,
1800=,HIRST,11,,,,,
1800=,HORTON,11,,,,,
1800=,IMRAN,11,,,,,
1800=,JAPPY,11,,,,,
1800=,KEATING,11,,,,,
1800=,KEOGH,11,,,,,
1800=,KYDD,11,,,,,
1800=,LANCASTER,11,,,,,
1800=,LINKLATER,11,,,,,
1800=,LOCKIE,11,,,,,
1800=,LORD,11,,,,,
1800=,LOUGHRAN,11,,,,,
1800=,LOWRY,11,,,,,
1800=,LUNDIE,11,,,,,
1800=,LYTTLE,11,,,,,
1800=,MACCOLL,11,,,,,
1800=,MACNAB,11,,,,,
1800=,MAHER,11,,,,,
1800=,MAHON,11,,,,,
1800=,MALLOY,11,,,,,
1800=,MALTMAN,11,,,,,
1800=,MANDERSON,11,,,,,
1800=,MCALEESE,11,,,,,
1800=,MCALLAN,11,,,,,
1800=,MCALOON,11,,,,,
1800=,MCAUSLAN,11,,,,,
1800=,MCCALLION,11,,,,,
1800=,MCCAULEY,11,,,,,
1800=,MCCOLM,11,,,,,
1800=,MCCORQUODALE,11,,,,,
1800=,MCCRORIE,11,,,,,
1800=,MCCULLOUGH,11,,,,,
1800=,MCDONNELL,11,,,,,
1800=,MCFARLAND,11,,,,,
1800=,MCGIBBON,11,,,,,
1800=,MCGILVRAY,11,,,,,
1800=,MCGOUGAN,11,,,,,
1800=,MCGRAW,11,,,,,
1800=,MCINULTY,11,,,,,
1800=,MCKENDRY,11,,,,,
1800=,MELLIS,11,,,,,
1800=,MERRILEES,11,,,,,
1800=,METCALFE,11,,,,,
1800=,MIDDLEMISS,11,,,,,
1800=,MUDIE,11,,,,,
1800=,MYERS,11,,,,,
1800=,NAEEM,11,,,,,
1800=,NAQVI,11,,,,,
1800=,NAYLOR,11,,,,,
1800=,NEVILLE,11,,,,,
1800=,ORMISTON,11,,,,,
1800=,PACITTI,11,,,,,
1800=,PARTRIDGE,11,,,,,
1800=,PICKEN,11,,,,,
1800=,PITT,11,,,,,
1800=,PRIMROSE,11,,,,,
1800=,PURCELL,11,,,,,
1800=,RAY,11,,,,,
1800=,RENFREW,11,,,,,
1800=,ROUGH,11,,,,,
1800=,RUTHVEN,11,,,,,
1800=,SAYERS,11,,,,,
1800=,SCOTLAND,11,,,,,
1800=,SEATON,11,,,,,
1800=,SELLAR,11,,,,,
1800=,SHELDON,11,,,,,
1800=,SHERWOOD,11,,,,,
1800=,SILLARS,11,,,,,
1800=,SIVEWRIGHT,11,,,,,
1800=,SOMERS,11,,,,,
1800=,SQUIRES,11,,,,,
1800=,STOREY,11,,,,,
1800=,SWANKIE,11,,,,,
1800=,TAHIR,11,,,,,
1800=,THORNE,11,,,,,
1800=,TIMMONS,11,,,,,
1800=,TOAL,11,,,,,
1800=,TOBIN,11,,,,,
1800=,TOLLAN,11,,,,,
1800=,TOPPING,11,,,,,
1800=,TRAILL,11,,,,,
1800=,TYLER,11,,,,,
1800=,WAITE,11,,,,,
1800=,WELDON,11,,,,,
1800=,WHITESIDE,11,,,,,
1800=,WITHERS,11,,,,,
1800=,WU,11,,,,,
1800=,WYNESS,11,,,,,
1938=,ABBAS,10,,,,,
1938=,ADIE,10,,,,,
1938=,AIRLIE,10,,,,,
1938=,ALAM,10,,,,,
1938=,ASIF,10,,,,,
1938=,ATKINS,10,,,,,
1938=,AZIZ,10,,,,,
1938=,BAINBRIDGE,10,,,,,
1938=,BALD,10,,,,,
1938=,BATEMAN,10,,,,,
1938=,BAYNE,10,,,,,
1938=,BERWICK,10,,,,,
1938=,BOSWELL,10,,,,,
1938=,BRAID,10,,,,,
1938=,BROPHY,10,,,,,
1938=,BRYDON,10,,,,,
1938=,BUDD,10,,,,,
1938=,BURR,10,,,,,
1938=,CADDEN,10,,,,,
1938=,CAIRD,10,,,,,
1938=,CATHCART,10,,,,,
1938=,CHAPPELL,10,,,,,
1938=,CHARLES,10,,,,,
1938=,CLEGG,10,,,,,
1938=,CLINTON,10,,,,,
1938=,CLOW,10,,,,,
1938=,CLUBB,10,,,,,
1938=,CLUNIE,10,,,,,
1938=,COMPTON,10,,,,,
1938=,CONAGHAN,10,,,,,
1938=,CONLON,10,,,,,
1938=,COWPER,10,,,,,
1938=,CUMMINS,10,,,,,
1938=,DALL,10,,,,,
1938=,DEGNAN,10,,,,,
1938=,DENNIS,10,,,,,
1938=,DENNY,10,,,,,
1938=,DOWNES,10,,,,,
1938=,DRURY,10,,,,,
1938=,DUNCANSON,10,,,,,
1938=,EASTWOOD,10,,,,,
1938=,ELLISON,10,,,,,
1938=,EMERY,10,,,,,
1938=,FELL,10,,,,,
1938=,FERN,10,,,,,
1938=,FETTES,10,,,,,
1938=,FISH,10,,,,,
1938=,FORDE,10,,,,,
1938=,FORMAN,10,,,,,
1938=,GARLAND,10,,,,,
1938=,GEBBIE,10,,,,,
1938=,GETTY,10,,,,,
1938=,GILBERTSON,10,,,,,
1938=,GREAVES,10,,,,,
1938=,GRIMES,10,,,,,
1938=,GUPTA,10,,,,,
1938=,HACKETT,10,,,,,
1938=,HAIDER,10,,,,,
1938=,HARCUS,10,,,,,
1938=,HAUGHEY,10,,,,,
1938=,HEALEY,10,,,,,
1938=,HEEPS,10,,,,,
1938=,HEGARTY,10,,,,,
1938=,HICKS,10,,,,,
1938=,HILLS,10,,,,,
1938=,HIRD,10,,,,,
1938=,HOBSON,10,,,,,
1938=,HYNDS,10,,,,,
1938=,ISLAM,10,,,,,
1938=,IZATT,10,,,,,
1938=,JOSEPH,10,,,,,
1938=,KETTLES,10,,,,,
1938=,KILLEN,10,,,,,
1938=,LAWTON,10,,,,,
1938=,LEDINGHAM,10,,,,,
1938=,LEGGE,10,,,,,
1938=,LOPEZ,10,,,,,
1938=,LOWTHER,10,,,,,
1938=,MACNEILL,10,,,,,
1938=,MALLOCH,10,,,,,
1938=,MAUGHAN,10,,,,,
1938=,MCCLEARY,10,,,,,
1938=,MCCOMBIE,10,,,,,
1938=,MCCOY,10,,,,,
1938=,MCCRAW,10,,,,,
1938=,MCCUAIG,10,,,,,
1938=,MCDEVITT,10,,,,,
1938=,MCDONOUGH,10,,,,,
1938=,MCGAW,10,,,,,
1938=,MCGINNESS,10,,,,,
1938=,MCGONAGLE,10,,,,,
1938=,MCHARG,10,,,,,
1938=,MCIVER,10,,,,,
1938=,MCLARDY,10,,,,,
1938=,MCMONAGLE,10,,,,,
1938=,MCMURTRIE,10,,,,,
1938=,MEHMOOD,10,,,,,
1938=,MEREDITH,10,,,,,
1938=,MIAH,10,,,,,
1938=,MICHAEL,10,,,,,
1938=,MILROY,10,,,,,
1938=,MINTY,10,,,,,
1938=,MULGREW,10,,,,,
1938=,MUNIR,10,,,,,
1938=,NG,10,,,,,
1938=,NOTMAN,10,,,,,
1938=,OGSTON,10,,,,,
1938=,ORD,10,,,,,
1938=,OSMAN,10,,,,,
1938=,PARKES,10,,,,,
1938=,PEDDIE,10,,,,,
1938=,PENNY,10,,,,,
1938=,PICKERING,10,,,,,
1938=,PLUNKETT,10,,,,,
1938=,PROSSER,10,,,,,
1938=,PYPER,10,,,,,
1938=,QUAIL,10,,,,,
1938=,QUIN,10,,,,,
1938=,RAINEY,10,,,,,
1938=,RAMZAN,10,,,,,
1938=,RARITY,10,,,,,
1938=,RATCLIFFE,10,,,,,
1938=,RAZA,10,,,,,
1938=,RIGBY,10,,,,,
1938=,RUSH,10,,,,,
1938=,RUSHTON,10,,,,,
1938=,SALKELD,10,,,,,
1938=,SEIVWRIGHT,10,,,,,
1938=,SELLARS,10,,,,,
1938=,SERVICE,10,,,,,
1938=,SEWELL,10,,,,,
1938=,SHAFIQ,10,,,,,
1938=,SHEK,10,,,,,
1938=,SPEEDIE,10,,,,,
1938=,SPINK,10,,,,,
1938=,STANNERS,10,,,,,
1938=,STRATHDEE,10,,,,,
1938=,STRATHIE,10,,,,,
1938=,SWANSTON,10,,,,,
1938=,TATE,10,,,,,
1938=,TEMPLE,10,,,,,
1938=,THOW,10,,,,,
1938=,TYSON,10,,,,,
1938=,VALENTE,10,,,,,
1938=,WHEATLEY,10,,,,,
1938=,WILLS,10,,,,,
1938=,WINGATE,10,,,,,
1938=,WOOLLEY,10,,,,,
1938=,WYNN,10,,,,,
1938=,YARDLEY,10,,,,,
1938=,YOUNGER,10,,,,,
,,,,,,,
,,,,,,,
© Crown Copyright 2020,,,,,,,
